"Course","MATH001","Algebra","Math","UBC","","kBstNnLnZquQ"
"Course","MATH002","Pre-Calculus","Math","UBC","","g7PZZ28KNqbR"
"Course","MATH100","Differential Calculus with Applications to Physical Sciences and Engineering","Math","UBC","","3usb2JbmKqpX"
"Course","MATH101","Integral Calculus with Applications to Physical Sciences and Engineering","Math","UBC","","39LVkoceAVEZ"
"Course","MATH102","Differential Calculus with Applications to Life Sciences","Math","UBC","","ByXDCbKE2dql"
"Course","MATH103","Integral Calculus with Applications to Life Sciences","Math","UBC","","opjFDJ5pB9g6"
"Course","MATH104","Differential Calculus with Applications to Commerce and Social Sciences","Math","UBC","","awKnCbqoO8S5"
"Course","MATH105","Integral Calculus with Applications to Commerce and Social Sciences","Math","UBC","","Pg70DwdKJtBt"
"Course","MATH110","Differential Calculus","Math","UBC","","6m6M7qmrvOg1"
"Course","MATH120","Honours Differential Calculus","Math","UBC","","yOm4Fbh5zdD6"
"Course","MATH121","Honours Integral Calculus","Math","UBC","","DIl5xAk2uwi0"
"Course","MATH152","Linear Systems","Math","UBC","","rA4YYXiIMVeQ"
"Course","MATH180","Differential Calculus with Physical Applications","Math","UBC","","lK1YdUqQ9BE3"
"Course","MATH184","Differential Calculus for Social Science and Commerce","Math","UBC","","ALAjLk8A0z8L"
"Course","MATH190","Calculus Survey","Math","UBC","","J61zf10FYODt"
"Course","MATH200","Calculus III","Math","UBC","","SgvkWhuyxaZg"
"Course","MATH210","Introduction to Mathematical Computing","Math","UBC","","uY9p1Vx11o2Q"
"Course","MATH215","Elementary Differential Equations I","Math","UBC","","3T3VmV7avgqu"
"Course","MATH217","Multivariable and Vector Calculus","Math","UBC","","CWTfXrXQOthm"
"Course","MATH220","Mathematical Proof","Math","UBC","","TsaaB0WvYIaD"
"Course","MATH221","Matrix Algebra","Math","UBC","","ZJYmLFfcgqk2"
"Course","MATH223","Linear Algebra","Math","UBC","","1XgAEKt8ub3s"
"Course","MATH226","Advanced Calculus I","Math","UBC","","lyn0pns0sZe3"
"Course","MATH227","Advanced Calculus II","Math","UBC","","nYR7HApyWgk2"
"Course","MATH253","Multivariable Calculus","Math","UBC","","YCJMGrJ4BWuh"
"Course","MATH255","Ordinary Differential Equations","Math","UBC","","sCRCjht1cNON"
"Course","MATH256","Differential equations","Math","UBC","","3BVSgH2rV4RC"
"Course","MATH257","Partial Differential Equations","Math","UBC","","OApK1BApOFj1"
"Course","MATH264","Vector Calculus for Electrical Engineering","Math","UBC","","IY9H72TZFKXl"
"Course","MATH300","Introduction to Complex Variables","Math","UBC","","GCt2ReNGdglh"
"Course","MATH301","Applied Analysis","Math","UBC","","n96tQHwhexzJ"
"Course","MATH302","Introduction to Probability","Math","UBC","","YXFlE3YKvKIv"
"Course","MATH303","Introduction to Stochastic Processes","Math","UBC","","VexU4mcy1cph"
"Course","MATH305","Applied Complex Analysis","Math","UBC","","4tvR4jJxOfD3"
"Course","MATH307","Applied Linear Algebra","Math","UBC","","8kyGcQzI1mdm"
"Course","MATH308","Euclidean Geometry","Math","UBC","","b5pm7ACzs7sC"
"Course","MATH310","Abstract Linear Algebra","Math","UBC","","6U5v7Dgw4Ij6"
"Course","MATH312","Introduction to Number Theory","Math","UBC","","7v6UUlqZgnWs"
"Course","MATH313","Topics in Number Theory","Math","UBC","","WwOw08uqS3z5"
"Course","MATH316","Elementary Differential Equations II","Math","UBC","","t7V7dWaPRfwV"
"Course","MATH317","Calculus IV","Math","UBC","","EJ2VMSlxvmQT"
"Course","MATH318","Probability with Physical Applications","Math","UBC","","9GRQ8AMVS3fB"
"Course","MATH320","Real Variables I","Math","UBC","","bUmr3OM382Pi"
"Course","MATH321","Real Variables II","Math","UBC","","6Qqzkc5Ik6d3"
"Course","MATH322","Introduction to Group Theory","Math","UBC","","r4uUzMfcKBAy"
"Course","MATH323","Introduction to Rings and Modules","Math","UBC","","hQEkgtUHGZMW"
"Course","MATH335","Introduction to Mathematics","Math","UBC","","HU1mxJVF8kBe"
"Course","MATH340","Introduction to Linear Programming","Math","UBC","","PRXOVpaaixhK"
"Course","MATH341","Introduction to Discrete Mathematics","Math","UBC","","mPgyTkyMNk4A"
"Course","MATH342","Algebra and Coding Theory","Math","UBC","","QARfcapGSbId"
"Course","MATH345","Applied Nonlinear Dynamics and Chaos","Math","UBC","","PU9K0BuqU2Jq"
"Course","MATH358","Engineering Analysis","Math","UBC","","1oX58a6HuLHb"
"Course","MATH360","Mathematical Modeling in Science","Math","UBC","","9yY0ztcvNCbV"
"Course","MATH398","Co-operative Work Placement I","Math","UBC","","a3AXPJ23rFhS"
"Course","MATH399","Co-operative Work Placement II","Math","UBC","","FhzP2GUWPSsh"
"Course","MATH400","Applied Partial Differential Equations","Math","UBC","","eM5YBGFsTeDp"
"Course","MATH401","Green's Functions and Variational Methods","Math","UBC","","Z793wy5NUbAL"
"Course","MATH405","Numerical Methods for Differential Equations","Math","UBC","","vbAlndEYHWas"
"Course","MATH406","Variational and Approximate Methods in Applied Mathematics","Math","UBC","","eEZTBFIUWhaY"
"Course","MATH412","Advanced Linear Algebra","Math","UBC","","fQ2ELyr164rm"
"Course","MATH414","Mathematical Demonstrations","Math","UBC","","F1W67Pb98VGc"
"Course","MATH418","Probability","Math","UBC","","AiAWfoOWleBp"
"Course","MATH419","Stochastic Processes","Math","UBC","","rUBAxb2zWwFX"
"Course","MATH420","Real Analysis I","Math","UBC","","iyuD1rZZ2K5r"
"Course","MATH421","Real Analysis II","Math","UBC","","1qxlSLCxEEYf"
"Course","MATH422","Fields and Galois Theory","Math","UBC","","EpFc9mOBNoaw"
"Course","MATH423","Topics in Algebra","Math","UBC","","y9RBjHSzvdII"
"Course","MATH425","Introduction to Modern Differential Geometry","Math","UBC","","EJJ1j2jwTOHe"
"Course","MATH426","Introduction to Topology","Math","UBC","","pJyFo5zwBFkc"
"Course","MATH427","Topics in Topology","Math","UBC","","2BfYWodowgEK"
"Course","MATH430D","Special Topics in Analysis - TOPICS IN ANLYS","Math","UBC","","YbhRhZAUplPj"
"Course","MATH437","Number Theory","Math","UBC","","V69T1XSEuU1f"
"Course","MATH440","Complex Analysis","Math","UBC","","x90jTCvRZvWm"
"Course","MATH441","Mathematical Modeling: Discrete Optimization Problems","Math","UBC","","e2vyEtsQQ4V2"
"Course","MATH442","Optimization in Graphs and Networks","Math","UBC","","5YpxppBrJ0hN"
"Course","MATH443","Graph Theory","Math","UBC","","CdAmxJYq9L12"
"Course","MATH444","Mathematical Research and Writing","Math","UBC","","w1s1kEsmrgdk"
"Course","MATH448A","Directed Studies in Mathematics - DIRECTED STUDIES","Math","UBC","","LAQfRS62t5Dw"
"Course","MATH448B","Directed Studies in Mathematics - DIRECTED STUDIES","Math","UBC","","0h1aJ2OOxodn"
"Course","MATH449D","Honours Reading - HONOURS READING","Math","UBC","","IhzlbyIl0ty3"
"Course","MATH450","Asymptotic and Perturbation Methods","Math","UBC","","dufs9G0YoV25"
"Course","MATH462","Projects in Mathematical Biology","Math","UBC","","y0imCGZr4Bm6"
"Course","MATH498","Co-operative Work Placement III","Math","UBC","","NcaIQKYL37sG"
"Course","MATH499","Co-operative Work Placement IV","Math","UBC","","iikWG6KO4h7u"
"Course","MATH501","Algebra I","Math","UBC","","vfIvR3SMs4j0"
"Course","MATH502","Algebra II","Math","UBC","","pLMlH5ejDWKU"
"Course","MATH503","Discrete Mathematics","Math","UBC","","XpWsb6hBCMDP"
"Course","MATH507","Measure Theory and Integration","Math","UBC","","BR10RGq66EJl"
"Course","MATH508","Complex Analysis","Math","UBC","","5b0FP9xwg6zJ"
"Course","MATH510","Functional Analysis","Math","UBC","","TcynyIOUdAzb"
"Course","MATH515","Partial Differential Equations of Fluid Mechanics","Math","UBC","","gBl3RUULI7dn"
"Course","MATH516","Partial Differential Equations I","Math","UBC","","QGcEghiMg4S9"
"Course","MATH517","Partial Differential Equations II","Math","UBC","","kED6d49MCaRP"
"Course","MATH521","Numerical Analysis of Partial Differential Equations","Math","UBC","","P1uuZY5cA7tF"
"Course","MATH523","Combinatorial Optimization","Math","UBC","","jaeKJ6HXLybB"
"Course","MATH525","Differential Geometry I","Math","UBC","","cS6CRw0xKgUz"
"Course","MATH526","Differential Geometry II","Math","UBC","","vyijrylUCrQl"
"Course","MATH527","Algebraic Topology I","Math","UBC","","66ikwRIzTuyq"
"Course","MATH534","Lie Theory I","Math","UBC","","0uUEBASchWA4"
"Course","MATH535","Lie Theory II","Math","UBC","","63NIlduchH6F"
"Course","MATH537","Elementary Number Theory","Math","UBC","","y1xL9ZyCoJJw"
"Course","MATH539","Analytic Number Theory","Math","UBC","","nTctg80VMCah"
"Course","MATH541","Harmonic Analysis I","Math","UBC","","z8p3QDkpv58x"
"Course","MATH542","Harmonic Analysis II","Math","UBC","","wDWFpyKqslXe"
"Course","MATH544","Probability I","Math","UBC","","Dz655WAhG1B8"
"Course","MATH545","Probability II","Math","UBC","","T6XrKXcRAo3b"
"Course","MATH546","Continuous Time Stochastic Processes","Math","UBC","","M1hKcNoaOOMb"
"Course","MATH549A","Thesis for Master's Degree - MASTERS THESIS","Math","UBC","","LAO0QK5mylib"
"Course","MATH549B","Thesis for Master's Degree - MASTERS THESIS","Math","UBC","","vumGvu6OAfoO"
"Course","MATH550","Methods of Asymptotic Analysis","Math","UBC","","SSMJ7Dnge90M"
"Course","MATH552","Introduction to Dynamical Systems","Math","UBC","","x7MHOOfVrdNn"
"Course","MATH556","Industrial Mathematical Modelling","Math","UBC","","tYLpqTrfveu3"
"Course","MATH560","Mathematical Biology","Math","UBC","","HyYNIwNaJ6Yg"
"Course","MATH562","Mathematical Electrophysiology","Math","UBC","","6NiPTl4QjojG"
"Course","MATH589","M.Sc. Major Essay","Math","UBC","","IaPauifUvYXY"
"Course","MATH592A","Topics in Automorphic Forms - AUTOMORPHIC FORM","Math","UBC","","Ed1tSqIFEtBi"
"Course","MATH599","Mathematics Teaching Techniques","Math","UBC","","4g4UpOUZ61jE"
"Course","MATH600D","Topics in Algebra - TOPICS IN ALGBRA","Math","UBC","","y25P8G1ViKSR"
"Course","MATH601D","Topics in Analysis - TOPICS IN ANALYS","Math","UBC","","LQhdXUcBX7i7"
"Course","MATH603D","Topics in Topology - TOPICS TOPOLOGY","Math","UBC","","pm51TxSzrYY3"
"Course","MATH606D","Topics in Differential Equations - TPCS DIFRNTL EQU","Math","UBC","","y7TQRzWHQsgB"
"Course","MATH607E","Topics in Numerical Analysis - TPCS NUMERIC ANL","Math","UBC","","5RZU1HmNTDCU"
"Course","MATH608D","Topics in Probability - TPCS PROBABILITY","Math","UBC","","LRyEcAPWQAXr"
"Course","MATH615A","Topics in Algebraic Geometry - ALGEBRAIC GEOMET","Math","UBC","","WsuAdp1PYoX1"
"Course","MATH615B","Topics in Algebraic Geometry - ALGEBRAIC GEOMET","Math","UBC","","A4U1PvoLrfqE"
"Course","MATH620D","Directed Studies in Mathematics - DIRECT STDS MATH","Math","UBC","","FbHy6Vo1pnus"
"Course","MATH649","Doctoral Dissertation","Math","UBC","","Brwmxb037zqH"
"Course","BIOL111","Introduction to Modern Biology","Biology","UBC","","5A6IYJXdNvbT"
"Course","BIOL112","Biology of the Cell","Biology","UBC","","1TbE96LQOoHM"
"Course","BIOL121","Genetics, Evolution and Ecology","Biology","UBC","","FObT5N7oFn5f"
"Course","BIOL140","Laboratory Investigations in Life Science","Biology","UBC","","te7EHjdMD2bD"
"Course","BIOL153","Human Biology","Biology","UBC","","rmqeHBZ71DKx"
"Course","BIOL155","Human Biology","Biology","UBC","","76ApkPfK4urj"
"Course","BIOL200","Fundamentals of Cell Biology","Biology","UBC","","TeZeLS5jTMs8"
"Course","BIOL201","Introduction to Biochemistry","Biology","UBC","","HOTlLTrpuiVT"
"Course","BIOL203","Eukaryotic Microbiology","Biology","UBC","","Gs2b1hrQEZhq"
"Course","BIOL204","Vertebrate Structure and Function","Biology","UBC","","0u5umHoT1nJF"
"Course","BIOL205","Comparative Invertebrate Zoology","Biology","UBC","","B3E8HF9yE2H1"
"Course","BIOL209","Biodiversity of algae, fungi and bryophytes","Biology","UBC","","uaFCJekmmC3p"
"Course","BIOL210","Vascular Plants","Biology","UBC","","KNqPYmiEtJlc"
"Course","BIOL230","Fundamentals of Ecology","Biology","UBC","","wByf4b9WZRLk"
"Course","BIOL233","Genetics for Life","Biology","UBC","","8Js2NVzVWhHc"
"Course","BIOL234","Fundamentals of Genetics","Biology","UBC","","FVMC9eW3bYBi"
"Course","BIOL260","Fundamentals of Physiology","Biology","UBC","","WG1ZcOUetYNK"
"Course","BIOL300","Fundamentals of Biostatistics","Biology","UBC","","klAhPsKWgZw4"
"Course","BIOL301","Biomathematics","Biology","UBC","","b2n7lMJSAIYU"
"Course","BIOL306","Advanced Ecology","Biology","UBC","","vtlCu7ReFxJY"
"Course","BIOL310","Introduction to Animal Behaviour","Biology","UBC","","4z57hbCFDfTB"
"Course","BIOL320","Survey of Algae","Biology","UBC","","lEJ7oiy3jW1h"
"Course","BIOL323","Structure and Reproduction of Fungi","Biology","UBC","","WuXr2OwoD5hn"
"Course","BIOL324","Introduction to Seed Plant Taxonomy","Biology","UBC","","pOySWBcLkLPd"
"Course","BIOL325","Introduction to Animal Mechanics and Locomotion","Biology","UBC","","Yc4KoDK1bE5j"
"Course","BIOL326","Experimental Biology of Invertebrates","Biology","UBC","","6xjA1Rl1LqaM"
"Course","BIOL327","Introduction to Entomology","Biology","UBC","","QFOt5HK0mCmC"
"Course","BIOL328","Introductory Parasitology","Biology","UBC","","CFa7XKn8hdht"
"Course","BIOL331","Developmental Biology","Biology","UBC","","Ixq9EQOZE2y8"
"Course","BIOL332","Protistology","Biology","UBC","","wrvBKOLxptGm"
"Course","BIOL335","Molecular Genetics","Biology","UBC","","vYQgTiWaruaw"
"Course","BIOL336","Fundamentals of Evolutionary Biology","Biology","UBC","","s7E7fYwsnsAN"
"Course","BIOL337","Introductory Genetics Laboratory","Biology","UBC","","lkDvvbsG4366"
"Course","BIOL338","Introduction to Genomics","Biology","UBC","","zqKL5UEMbPHr"
"Course","BIOL340","Introductory Cell Biology Laboratory","Biology","UBC","","teTiiAt0Vns9"
"Course","BIOL341","Introductory Molecular Biology Laboratory","Biology","UBC","","PXIN2eCHRqwk"
"Course","BIOL342","Integrative Biology Laboratory","Biology","UBC","","wHXYgcc6mMiz"
"Course","BIOL343","Plants and Peoples","Biology","UBC","","YMBbm1dfs2hR"
"Course","BIOL344","Human Heredity and Evolution","Biology","UBC","","emBFlZ7mzLB3"
"Course","BIOL345","Human Ecology","Biology","UBC","","xfaSUdWiTN41"
"Course","BIOL346","Microbes and Society","Biology","UBC","","DsAo3ipxTGax"
"Course","BIOL347","Principles and Methodology in Biological Research","Biology","UBC","","FWP0LkSXgr7w"
"Course","BIOL351","Plant Physiology I","Biology","UBC","","U624nISQZ0X9"
"Course","BIOL352","Plant Physiology II: Plant Development","Biology","UBC","","i8zjGtkrjq42"
"Course","BIOL361","Physiology of Sensory, Nervous and Muscular Systems","Biology","UBC","","mMKQ8ZM2Xkwa"
"Course","BIOL362","Cellular Physiology","Biology","UBC","","AaZLspcwkjL4"
"Course","BIOL363","Laboratory in Animal Physiology","Biology","UBC","","Tit5qIFIDVB8"
"Course","BIOL364","Animal Physiology","Biology","UBC","","2Fk8IN2lqabf"
"Course","BIOL398","Co-operative Work Placement I","Biology","UBC","","2ApkPpzPpYHU"
"Course","BIOL399","Co-operative Work Placement II","Biology","UBC","","y8NDzgznhJIB"
"Course","BIOL402","Aquatic Ecology","Biology","UBC","","yzwyijV30VCD"
"Course","BIOL404","Ecological Methodology","Biology","UBC","","ogfnDZYnaiUY"
"Course","BIOL411","Insect Ecology","Biology","UBC","","2o6tOi5hzWao"
"Course","BIOL412","Phytogeography","Biology","UBC","","mLk28IFYB611"
"Course","BIOL413","Zoogeography","Biology","UBC","","HC1FAOHCnk9b"
"Course","BIOL415","Evolutionary Processes in Plants","Biology","UBC","","awwg8Wx0PUEJ"
"Course","BIOL416","Principles of Conservation Biology","Biology","UBC","","A9gyEYTeXsZQ"
"Course","BIOL417","Phylogenetic Biology","Biology","UBC","","eUFzT08b3kQG"
"Course","BIOL418","Evolutionary Ecology","Biology","UBC","","iEml6mzotXDN"
"Course","BIOL421","Plant-Microbe Interactions","Biology","UBC","","jh59xcJ71hnI"
"Course","BIOL427","Ornithology and Herpetology","Biology","UBC","","tf30Tq8s7heM"
"Course","BIOL428","Evolutionary Morphology of Marine Invertebrates","Biology","UBC","","VJQkaFCztWnc"
"Course","BIOL430","Genome Evolution","Biology","UBC","","Oxp8IZ8vMT1f"
"Course","BIOL432","Research Strategies and Techniques in Cell Biology","Biology","UBC","","HmD929HbIcau"
"Course","BIOL433","Plant Genetics","Biology","UBC","","schnS73rIoB4"
"Course","BIOL434","Population Genetics","Biology","UBC","","zOxlTWRIV8RA"
"Course","BIOL436","Integrated Functional Genomics","Biology","UBC","","VASbotrJfa1x"
"Course","BIOL437","Laboratory in Animal Cell Molecular Biology","Biology","UBC","","0mfEUNcokBoC"
"Course","BIOL438","Zoological Physics","Biology","UBC","","i4KHqpgvBbHi"
"Course","BIOL440","Plant Genomics","Biology","UBC","","RPYd5KFL0hcc"
"Course","BIOL441","Cell Biology of Intracellular Trafficking","Biology","UBC","","Hg62EeWTXHRh"
"Course","BIOL445","Darwin's Fishes","Biology","UBC","","4w0GPfhlrftg"
"Course","BIOL446","History and Philosophy of Biology","Biology","UBC","","aTsT0NxtnQxn"
"Course","BIOL447","Principles and Methodology in Biological Research","Biology","UBC","","oJUa3pyLnx2q"
"Course","BIOL448A","Directed Studies in Biology - DIRECTED STUDIES","Biology","UBC","","yOgpfoCvHuzr"
"Course","BIOL448C","Directed Studies in Biology - DIRECTED STUDIES","Biology","UBC","","RNcvPNK3go0E"
"Course","BIOL448D","Directed Studies in Biology - DIRECTED STUDIES","Biology","UBC","","m8IdFRfcEw5V"
"Course","BIOL449","Directed Biological Research","Biology","UBC","","XA1BFE8q14UA"
"Course","BIOL450","Molecular Adaptation of Animals to the Environment","Biology","UBC","","scmyzZZLTZJX"
"Course","BIOL454","Comparative Animal Physiology","Biology","UBC","","laedDIIRl22P"
"Course","BIOL455","Comparative Neurobiology","Biology","UBC","","HyZCKsLpsH5y"
"Course","BIOL457","Comparative Environmental Physiology","Biology","UBC","","B3S33fU9HCuj"
"Course","BIOL458","Developmental Neurobiology","Biology","UBC","","mURBZK8C5C6J"
"Course","BIOL462","Ecological Plant Biochemistry","Biology","UBC","","DYJjvdr2a7Cp"
"Course","BIOL463","Gene Regulation in Development","Biology","UBC","","f8v0Ck3pvhfJ"
"Course","BIOL464","Animal Developmental Genetics","Biology","UBC","","I6zqdFt8vjPS"
"Course","BIOL465","Diversity and Evolution of Fishes","Biology","UBC","","gQwzb5cAdMsx"
"Course","BIOL490A","Student Directed Seminars - STUDNT DIR SEMNR","Biology","UBC","","SAuqUNXvxaQg"
"Course","BIOL498","Co-operative Work Placement III","Biology","UBC","","KX1WkXUtngTX"
"Course","BIOL499","Co-operative Work Placement IV","Biology","UBC","","LF1dHWw2UNcz"
"Course","BIOL501","Quantitative Methods in Ecology and Evolution","Biology","UBC","","sxP1choOE2by"
"Course","BIOL509","Population and Quantitative Genetics","Biology","UBC","","sFrdCxOXa0Hg"
"Course","BIOL530","The Biology of the Cell","Biology","UBC","","bkHGyHXaLpoR"
"Course","BIOL535","Teaching and Learning in the Life Sciences","Biology","UBC","","VHtUzk1wnxG7"
"Course","BIOL548G","Advanced Topics in Biology - ADV TOPICS BIOL","Biology","UBC","","Uv2XgF1oOCDg"
"Course","BIOL548I","Advanced Topics in Biology - ADV TOPICS BIOL","Biology","UBC","","cZ7DJDjy48ge"
"Course","BIOL548J","Advanced Topics in Biology - ADV TOPICS BIOL","Biology","UBC","","swS7fZ0ZavOW"
"Course","BIOL548L","Advanced Topics in Biology - ADV TOPICS BIOL","Biology","UBC","","WjbirEb3VqHZ"
"Course","BIOL548M","Advanced Topics in Biology - ADV TOPICS BIOL","Biology","UBC","","PowsHOpYCZXu"
"Course","BIOL548O","Advanced Topics in Biology - ADV TOPICS BIOL","Biology","UBC","","uEIYdM0PWW1w"
"Course","BIOL548P","Advanced Topics in Biology - ADV TOPICS BIOL","Biology","UBC","","sU8sWmfNJO6o"
"Course","BIOL548Q","Advanced Topics in Biology - ADV TOPICS BIOL","Biology","UBC","","JtK5yZFzoVEm"
"Course","BIOL548S","Advanced Topics in Biology - ADV TOPICS BIOL","Biology","UBC","","7XnX3rraFHay"
"Course","CHEM111","Structure, Bonding, and Equilibrium in Chemistry","Chemistry","UBC","","UVmzIJqOhf4l"
"Course","CHEM121","Structure and Bonding in Chemistry","Chemistry","UBC","","GzaBpgAbCru8"
"Course","CHEM123","Thermodynamics, Kinetics and Organic Chemistry","Chemistry","UBC","","M54vMwL0N5XJ"
"Course","CHEM154","Chemistry for Engineering","Chemistry","UBC","","mViXHzmSd3uI"
"Course","CHEM203","Introduction to Organic Chemistry","Chemistry","UBC","","Ah6CB3NR5CLw"
"Course","CHEM205","Physical Chemistry","Chemistry","UBC","","eLQENgta96ai"
"Course","CHEM208","Coordination Chemistry","Chemistry","UBC","","Kualpwd5PRay"
"Course","CHEM211","Introduction to Chemical Analysis","Chemistry","UBC","","1HyeBngB4bcf"
"Course","CHEM213","Organic Chemistry","Chemistry","UBC","","Q5tBziYVllKt"
"Course","CHEM218","Fundamentals of Reactivity in Inorganic Chemistry","Chemistry","UBC","","Vql8KQucFuff"
"Course","CHEM233","Organic Chemistry for the Biological Sciences","Chemistry","UBC","","tzfGc9s4FJCc"
"Course","CHEM235","Organic Chemistry Laboratory","Chemistry","UBC","","RA4hOOm8G14x"
"Course","CHEM245","Intermediate Synthetic Chemistry Laboratory","Chemistry","UBC","","HdXrDtGNSmxa"
"Course","CHEM250","Inorganic Chemistry","Chemistry","UBC","","bw9foCu87meK"
"Course","CHEM251","Physical Chemistry for Engineers","Chemistry","UBC","","McCQnG4lSBNA"
"Course","CHEM260","Organic Chemistry for Engineers","Chemistry","UBC","","vHxLHNXhYvqJ"
"Course","CHEM300","Communicating Chemistry","Chemistry","UBC","","hfHiMeOFOcyi"
"Course","CHEM301","Aqueous Environmental Chemistry","Chemistry","UBC","","N3HYcVpO9eVW"
"Course","CHEM302","Atmospheric Environmental Chemistry","Chemistry","UBC","","hAtEr88Lb2sx"
"Course","CHEM304","Fundamentals of Thermodynamics and Statistical Mechanics","Chemistry","UBC","","HQImuB1fxteu"
"Course","CHEM305","Biophysical Chemistry","Chemistry","UBC","","W9hxHH4wlmL6"
"Course","CHEM311","Instrumental Analytical Chemistry","Chemistry","UBC","","1IZAW84yNPt3"
"Course","CHEM312","Introduction to Quantum Mechanics and Spectroscopy","Chemistry","UBC","","LrutRlj5xGfH"
"Course","CHEM313","Advanced Organic Chemistry for the Life Sciences","Chemistry","UBC","","OYTu6miYS1ol"
"Course","CHEM315","Chemistry Integrated Laboratory I","Chemistry","UBC","","zjfWzZOsyesZ"
"Course","CHEM318","Principles of Catalysis","Chemistry","UBC","","ZDnVuRLWOO0W"
"Course","CHEM319","Practical Skills for Chemical Research","Chemistry","UBC","","nqDGi8rLwTUE"
"Course","CHEM325","Integrated Chemistry Laboratory I","Chemistry","UBC","","MCXEzVOIn1EI"
"Course","CHEM327","Introduction to Materials Chemistry","Chemistry","UBC","","UEaDfn2N747o"
"Course","CHEM329","Research Ethics and Data Analysis Skills","Chemistry","UBC","","sgxL9e61uUNf"
"Course","CHEM330","Advanced Organic Chemistry","Chemistry","UBC","","1es4pJ0fS5EC"
"Course","CHEM335","Chemistry Integrated Laboratory II","Chemistry","UBC","","iTpjRQWs6XVX"
"Course","CHEM341","Global Challenges: A Chemical Perspective","Chemistry","UBC","","sw0xT6Q0lg2X"
"Course","CHEM345","Integrated Chemistry Laboratory II","Chemistry","UBC","","pLJK3dVCkyZJ"
"Course","CHEM398","Co-operative Work Placement I","Chemistry","UBC","","xeiTEvcMDWwV"
"Course","CHEM399","Co-operative Work Placement II","Chemistry","UBC","","pW0SxGEnBhtV"
"Course","CHEM401","Principles of Spectroscopy","Chemistry","UBC","","bpXgzPsIhvwf"
"Course","CHEM402","Diffraction Methods","Chemistry","UBC","","M1BcX2d0Chmq"
"Course","CHEM403","Surface Chemistry and Surface Analysis","Chemistry","UBC","","hxVXONXOWTWe"
"Course","CHEM405","Biophysical Chemistry","Chemistry","UBC","","qdRJ412daJF4"
"Course","CHEM406","Polymer Chemistry","Chemistry","UBC","","FX6wu6vjVq04"
"Course","CHEM407","Statistical Mechanics in Chemistry","Chemistry","UBC","","miQpUmSPIJTN"
"Course","CHEM410","Properties of Materials","Chemistry","UBC","","vYkLzuIwpZLm"
"Course","CHEM411","Synthesis and Chemistry of Natural Products","Chemistry","UBC","","EWQf0Vvbp2T1"
"Course","CHEM412","Electronic Structure of Atoms and Molecules","Chemistry","UBC","","aYKa87F0RMMx"
"Course","CHEM413","Bioorganic Chemistry","Chemistry","UBC","","32MAIPRxtGdW"
"Course","CHEM417","Nuclear Chemistry and Radiochemistry","Chemistry","UBC","","H4V3BkQxAj4A"
"Course","CHEM418","Organometallic Chemistry","Chemistry","UBC","","50xyzco4g807"
"Course","CHEM427","Applications of Materials Chemistry","Chemistry","UBC","","UeSL5yVPeAcv"
"Course","CHEM434","Principles of Chemical Separation","Chemistry","UBC","","9ECAMTVKTM8R"
"Course","CHEM445A","Projects in Experimental Chemistry - PROJCTS EXP CHEM","Chemistry","UBC","","u6GxbwL6TZCv"
"Course","CHEM445B","Projects in Experimental Chemistry - PROJCTS EXP CHEM","Chemistry","UBC","","jDalZUgjTbR4"
"Course","CHEM445C","Projects in Experimental Chemistry - PROJCTS EXP CHEM","Chemistry","UBC","","ASmjDfS9Ygez"
"Course","CHEM448A","Directed Studies in Chemistry - T1 DST CHEMISTRY","Chemistry","UBC","","YEjJbTslgzCk"
"Course","CHEM448B","Directed Studies in Chemistry - T2 DST CHEMISTRY","Chemistry","UBC","","VuStJR5Shymi"
"Course","CHEM448C","Directed Studies in Chemistry - DST CHEMISTRY","Chemistry","UBC","","YTjDoPEWOR23"
"Course","CHEM449","Seminar and Thesis","Chemistry","UBC","","jmFGXzu7A6VN"
"Course","CHEM460","Organic Synthesis: A Mechanistic Approach","Chemistry","UBC","","GpkREfE1fVNL"
"Course","CHEM461","Synthetic Chemical Biology","Chemistry","UBC","","5tpilZ650rdL"
"Course","CHEM473","Structure Determination and Reaction Analysis","Chemistry","UBC","","MSnkGmCuNuON"
"Course","CHEM498","Co-operative Work Placement III","Chemistry","UBC","","ZQy6qsr5qVmX"
"Course","CHEM499","Co-operative Work Placement IV","Chemistry","UBC","","n99LsGK0wbge"
"Course","CHEM501","Applications of Quantum Mechanics in Chemistry","Chemistry","UBC","","b54vkNE1HX7e"
"Course","CHEM502","Advanced Physical Chemistry of the Solid State","Chemistry","UBC","","Wn7N18VyYncy"
"Course","CHEM503","Equilibrium Statistical Mechanics in Chemistry","Chemistry","UBC","","EoKoQvzRnSe7"
"Course","CHEM514","Crystal Structures","Chemistry","UBC","","tEPTYADmpITC"
"Course","CHEM516A","Topics in Biophysical Chemistry - BIOPHYSICAL CHEM","Chemistry","UBC","","j80wv59vopbc"
"Course","CHEM516B","Topics in Biophysical Chemistry - BIOPHYSICAL CHEM","Chemistry","UBC","","V0Yhj8uPWRQj"
"Course","CHEM519A","Topics in Molecular Spectroscopy - TOP MOL SPECTROS","Chemistry","UBC","","ecJEm98LfO6D"
"Course","CHEM521B","Topics in Inorganic Chemistry - TOP INORGAN CHEM","Chemistry","UBC","","4Um8chYtgwzE"
"Course","CHEM524","Advanced Applications in Organometallic Chemistry","Chemistry","UBC","","bHWqG22XZPpq"
"Course","CHEM527","Nanomaterials","Chemistry","UBC","","2HJztxxJZ08w"
"Course","CHEM529","Structural Methods in Inorganic Chemistry","Chemistry","UBC","","GnBkUSwygrqB"
"Course","CHEM533","Bioanalytical Chemistry","Chemistry","UBC","","k7c4xjHq9yiX"
"Course","CHEM534","Principles of Chemical Separation","Chemistry","UBC","","ooIL3jdhegdh"
"Course","CHEM535A","Topics in Analytical Chemistry - TPCS ANALYT CHEM","Chemistry","UBC","","BGUbAr3ZDB1g"
"Course","CHEM540A","Seminar in Chemistry - PHYSICAL SEMINAR","Chemistry","UBC","","xql6ZGcedNE5"
"Course","CHEM540B","Seminar in Chemistry - ORGANIC SEMINAR","Chemistry","UBC","","Cj502UP0IfeB"
"Course","CHEM540C","Seminar in Chemistry - INORGANIC SEMINR","Chemistry","UBC","","aEoUwrVIhI8o"
"Course","CHEM549","M.Sc. Thesis","Chemistry","UBC","","PKuhZcEBoC5d"
"Course","CHEM560","Organic Chemistry: Building Molecules and Understanding Reactivity","Chemistry","UBC","","MtGjJ8XlD0Dt"
"Course","CHEM561","Advanced Chemical Biology","Chemistry","UBC","","YgB4adfInuk9"
"Course","CHEM566","Advanced Organic Synthesis","Chemistry","UBC","","JfyseIzuhiWQ"
"Course","CHEM569","Advanced Bioorganic Chemistry","Chemistry","UBC","","PVorJtWx9dRc"
"Course","CHEM573","Application of Spectroscopy to Organic Structural Determinations","Chemistry","UBC","","2TdT6ldkROhw"
"Course","CHEM649","Doctoral Dissertation","Chemistry","UBC","","qgHxjBKxC6aH"
"Course","PHYS100","Introductory Physics","Physics","UBC","","w0ILwEcYMIaf"
"Course","PHYS101","Energy and Waves","Physics","UBC","","15BwZ1ACJSbT"
"Course","PHYS107","Enriched Physics 1","Physics","UBC","","OAote5FphfSQ"
"Course","PHYS108","Enriched Physics II","Physics","UBC","","I60QA2Z3O0i6"
"Course","PHYS109","Enriched Experimental Physics","Physics","UBC","","oM017cJTxtN2"
"Course","PHYS117","Dynamics and Waves","Physics","UBC","","essFWR7XRsSB"
"Course","PHYS118","Electricity, Light and Radiation","Physics","UBC","","niwFQnzccWKI"
"Course","PHYS119","Experimental Physics Lab","Physics","UBC","","XuV8tlr5mG2R"
"Course","PHYS157","Introductory Physics for Engineers I","Physics","UBC","","cC3nFKrW6RfS"
"Course","PHYS158","Introductory Physics for Engineers II","Physics","UBC","","qSFXAJruEuzZ"
"Course","PHYS159","Introductory Physics Laboratory for Engineers","Physics","UBC","","ozb5zvEQmC14"
"Course","PHYS170","Mechanics I","Physics","UBC","","cWDI5zx8YLBv"
"Course","PHYS200","Relativity and Quanta","Physics","UBC","","G8R7uC8ZLeUl"
"Course","PHYS203","Thermal Physics I","Physics","UBC","","vGxKqXBs6bIU"
"Course","PHYS210","Introduction to Computational Physics","Physics","UBC","","UUQd9TEFLCIE"
"Course","PHYS216","Intermediate Mechanics","Physics","UBC","","S5oci91LmC5h"
"Course","PHYS219","Intermediate Experimental Physics I","Physics","UBC","","EcfHt3ONWC1e"
"Course","PHYS229","Intermediate Experimental Physics II","Physics","UBC","","cNBGfef7UjNU"
"Course","PHYS298","Co-operative Work Placement I","Physics","UBC","","gaOi0gAWBlt2"
"Course","PHYS299","Co-operative Work Placement II","Physics","UBC","","5bsBZDDe9Vm4"
"Course","PHYS301","Electricity and Magnetism","Physics","UBC","","dgPIF9m4jEZN"
"Course","PHYS304","Introduction to Quantum Mechanics","Physics","UBC","","5WAICerQuOrZ"
"Course","PHYS305","Introduction to Biophysics","Physics","UBC","","lAADwTAAHtEp"
"Course","PHYS306","Advanced Mechanics","Physics","UBC","","fxLYaS0gUzgh"
"Course","PHYS309","Electrical Laboratory","Physics","UBC","","qH7363cAMQLg"
"Course","PHYS312","Introduction to Mathematical Physics","Physics","UBC","","kK49iLla92P5"
"Course","PHYS315","Physics of Materials","Physics","UBC","","vODnlIWrhGkw"
"Course","PHYS319","Electronics Laboratory","Physics","UBC","","X91aYELIM6du"
"Course","PHYS333","Energy and Climate","Physics","UBC","","E7Sseqg7bYI9"
"Course","PHYS340","From Atoms to the Universe","Physics","UBC","","vF39RNwtaYv5"
"Course","PHYS341","Physics of Music","Physics","UBC","","Cw7HkZoDPHs3"
"Course","PHYS348","Frontiers in Physics and Astronomy","Physics","UBC","","smJhK9wrIRRj"
"Course","PHYS349","Directed Research Project in Physics","Physics","UBC","","tZZC61vhOO46"
"Course","PHYS350","Applications of Classical Mechanics","Physics","UBC","","KCPCE0iCfrkW"
"Course","PHYS399","Co-operative Work Placement III","Physics","UBC","","AcYbAUKUXW6q"
"Course","PHYS400","Introduction to Elementary Particles","Physics","UBC","","FPm1bwau7SBV"
"Course","PHYS401","Electromagnetic Theory","Physics","UBC","","yRjtccCw7Yag"
"Course","PHYS402","Applications of Quantum Mechanics","Physics","UBC","","tgz7POBRDBG3"
"Course","PHYS403","Statistical Mechanics","Physics","UBC","","N1zuVl3xfUvE"
"Course","PHYS404","Introduction to Medical Physics","Physics","UBC","","nIKDxTYTrV3W"
"Course","PHYS405","Radiation Biophysics","Physics","UBC","","TPdgWSMEHSx2"
"Course","PHYS407","Introduction to General Relativity","Physics","UBC","","YqrM61flMupz"
"Course","PHYS408","Optics","Physics","UBC","","vvMUKU1Vh3DR"
"Course","PHYS409A","Experimental Physics - EXPTL PHYSICS","Physics","UBC","","2NwdNkSi0LbP"
"Course","PHYS409B","Experimental Physics - EXPTL PHYSICS","Physics","UBC","","eAlCcAN13iSA"
"Course","PHYS410","Computational Physics","Physics","UBC","","QRCnznrKYGNE"
"Course","PHYS420C","Physics Demonstrations - PHYS DEMONSTRATS","Physics","UBC","","3sCjKUHG3aLV"
"Course","PHYS438","Zoological Physics","Physics","UBC","","L9AB3Em621hf"
"Course","PHYS447A","Advanced Topics in Physics - ADV TPCS PHYS","Physics","UBC","","plNVKCutxSBg"
"Course","PHYS447B","Advanced Topics in Physics - ADV TPCS PHYS","Physics","UBC","","s7F14qEKqP0t"
"Course","PHYS447C","Advanced Topics in Physics - ADV TPCS PHYS","Physics","UBC","","ErJGUsM5oDKG"
"Course","PHYS449","Honours Thesis","Physics","UBC","","hGk6SnTo8dHE"
"Course","PHYS473","Applied Nuclear Physics","Physics","UBC","","wWnSVp07NZXn"
"Course","PHYS474","Applied Solid State Physics","Physics","UBC","","1ZFjKjzeC5UH"
"Course","PHYS490","Student Directed Seminar","Physics","UBC","","xAIoAkEnjtFL"
"Course","PHYS498","Co-operative Work Placement IV","Physics","UBC","","nJj2MchzsJKO"
"Course","PHYS499","Co-operative Work Placement V","Physics","UBC","","O5FDb9Svhazy"
"Course","PHYS500","Quantum Mechanics I","Physics","UBC","","8QA1LfJaQY5y"
"Course","PHYS501","Quantum Mechanics II","Physics","UBC","","QGTrCYPiFBbF"
"Course","PHYS502","Condensed Matter Physics I","Physics","UBC","","rLEEJLnj6lyj"
"Course","PHYS503","Condensed Matter Physics II","Physics","UBC","","Oz5FEcuEyLBF"
"Course","PHYS504","Special Relativity and Classical Electromagnetism","Physics","UBC","","HaeoblMlAX8J"
"Course","PHYS506","Elementary Particle Physics","Physics","UBC","","uuXsCYRsKRua"
"Course","PHYS508","Quantum Field Theory II","Physics","UBC","","gfBlZWPvjDJw"
"Course","PHYS509C","Theory of Measurements - MEASUREMNT THEOR","Physics","UBC","","LXSN4HH9A2gh"
"Course","PHYS513C","Topics in Advanced Spectroscopy - ADV SPECTROSCOPY","Physics","UBC","","Jnjy6tPu4OKX"
"Course","PHYS516","Statistical Mechanics","Physics","UBC","","vlt6v1nLIbWX"
"Course","PHYS526","Quantum Field Theory I","Physics","UBC","","h0x5p0IBa2BR"
"Course","PHYS527B","Topics in Nuclear Physics - TPS NUCLEAR PHYS","Physics","UBC","","6ePvDjBciIRV"
"Course","PHYS529B","Topics in Quantum Theory - TPS QUANTUM THRY","Physics","UBC","","L4EW8s5rI2gY"
"Course","PHYS531","Particle Detection Techniques","Physics","UBC","","AOxWcqRayiNk"
"Course","PHYS534","Radiotherapy Physics I","Physics","UBC","","WPmy94zpVhln"
"Course","PHYS535","Radiotherapy Physics II","Physics","UBC","","tSKpGcSChpkR"
"Course","PHYS536","Advanced Radiation Biophysics","Physics","UBC","","My93akp4Mx9M"
"Course","PHYS539","Radiation Dosimetry","Physics","UBC","","ZHWdx7wBF4Fl"
"Course","PHYS540","Radiological Imaging","Physics","UBC","","XphdaQ9nN3nA"
"Course","PHYS541","Nuclear Medicine","Physics","UBC","","M5r3KrZaSS8u"
"Course","PHYS543","Biomedical Optics","Physics","UBC","","efSVQIPYTMSO"
"Course","PHYS545","Anatomy, Physiology and Statistics for Medical Physicists","Physics","UBC","","9HilRdVMNGRL"
"Course","PHYS549","Master's Thesis","Physics","UBC","","iV0JntvfZpJe"
"Course","PHYS555A","Directed Studies in Physics - DIRECTED STUDIES","Physics","UBC","","QkCE50GNYYSC"
"Course","PHYS555B","Directed Studies in Physics - DIRECTED STUDIES","Physics","UBC","","b5ZQtwNRS2L2"
"Course","PHYS555C","Directed Studies in Physics - DIRECTED STUDIES","Physics","UBC","","rP2BqUIljddm"
"Course","PHYS555F","Directed Studies in Physics - DIRECTED STUDIES","Physics","UBC","","YaPDjO7I8PJo"
"Course","PHYS560","Physics and Engineering of Particle Accelerators","Physics","UBC","","szUPhVX6E3p5"
"Course","PHYS571","Physical Cosmology","Physics","UBC","","zgXDwJ8mXgQB"
"Course","PHYS599A","M.A.Sc. Thesis - MASC THESIS","Physics","UBC","","Z08C8kbTumpW"
"Course","PHYS649","Doctoral Dissertation","Physics","UBC","","b1ChVLCMxWbr"
